OP_name,resname,atom1,atom2,OP_mean,OP_std,OP_stem
sn1,DOPC,C1,C2,0.43672857988607233,0.06719723747370178,0.003768233960716239
sn1,DOPC,C2,C3,0.24942570956731408,0.06237984199511431,0.003498087836752162
sn1,DOPC,C3,C4,0.19580124797272067,0.0644718743277395,0.0036154031845118052
sn2,DOPC,C1,C2,0.41080201016807605,0.06417570209096798,0.003598794670192143
sn2,DOPC,C2,C3,0.23591273155277254,0.06832063566255461,0.0038312310029428496
sn2,DOPC,C3,C4,0.17481250787023972,0.06301814533758417,0.0035338821107842593
