OP_name,resname,atom1,atom2,OP_mean,OP_std,OP_stem
sn1,PIPI,C1,C2,0.1797281960210473,0.07640540491246312,0.012734234152077186
sn1,PIPI,C2,C3,0.05979739409361453,0.058612678734889526,0.009768779789148254
sn1,PIPI,C3,C4,0.09479747192350131,0.06186293677219481,0.010310489462032469
sn2,PIPI,C1,C2,0.49343638326203565,0.049585370227689815,0.008264228371281636
sn2,PIPI,C2,C3,0.405684611583118,0.06087500257777931,0.010145833762963219
sn2,PIPI,C3,C4,0.22275200998556247,0.06510112885720871,0.010850188142868119
