OP_name,resname,atom1,atom2,OP_mean,OP_std,OP_stem
sn1,PAPE,C1,C2,-0.04086304416520247,0.059704655639415516,0.009685374085948781
sn1,PAPE,C2,C3,0.044427845805030466,0.05471010805651635,0.008875151479145664
sn1,PAPE,C3,C4,0.07775978903936073,0.06621088374747906,0.010740823655839763
sn1,PAPE,C4,C5,0.11081273957950913,0.07612845472097456,0.012349666113325402
sn2,PAPE,C1,C2,0.47491074131768884,0.06224001516430923,0.010096663711154455
sn2,PAPE,C2,C3,0.37808319940426566,0.06228033589976079,0.010103204598160444
sn2,PAPE,C3,C4,0.21340998103188077,0.06691669181943187,0.01085532084431751
