OP_name,resname,atom1,atom2,OP_mean,OP_std,OP_stem
sn1,PNSM,C1,C2,0.4590285296110393,0.05712551955311294,0.02856275977655647
sn1,PNSM,C2,C3,0.3340474423191291,0.053060900012037955,0.026530450006018978
sn2,PNSM,C1,C2,0.537864720121346,0.048750001138851556,0.024375000569425778
sn2,PNSM,C2,C3,0.4986538998341517,0.05854690141034099,0.029273450705170494
sn2,PNSM,C3,C4,0.3489584702512173,0.046600467292369524,0.023300233646184762
sn2,PNSM,C4,C5,-0.05793325343482747,0.06227201626289924,0.03113600813144962
sn2,PNSM,C5,C6,-0.033547057011937206,0.031978148825283985,0.015989074412641992
