OP_name,resname,atom1,atom2,OP_mean,OP_std,OP_stem
sn1,PIPE,C1,C2,0.24048955624969276,0.07633166208394625,0.011507431034393065
sn1,PIPE,C2,C3,0.07175224182477614,0.05791197556531873,0.008730558809926922
sn1,PIPE,C3,C4,0.09727731224994596,0.06935473622487892,0.010455619885999686
sn2,PIPE,C1,C2,0.48015259601911897,0.05327839451090921,0.00803202018296439
sn2,PIPE,C2,C3,0.36118978523559697,0.05647283133831579,0.00851359965446443
sn2,PIPE,C3,C4,0.21968735736611758,0.06523262868850359,0.009834188793106357
