OP_name,resname,atom1,atom2,OP_mean,OP_std,OP_stem
sn1,POPS,C1,C2,0.4230660624044874,0.0823159397931459,0.03360534169847809
sn1,POPS,C2,C3,0.2601555178741949,0.06214651091261671,0.025371206838369582
sn1,POPS,C3,C4,0.19528077445301273,0.07069916373073025,0.028862812730295374
sn2,POPS,C1,C2,0.47310251406014486,0.09166382389470815,0.0374215994023952
sn2,POPS,C2,C3,0.4119276711647843,0.04291445596671239,0.01751975328459706
sn2,POPS,C3,C4,0.21987696505163493,0.06067702611457854,0.024771292181707864
