OP_name,resname,atom1,atom2,OP_mean,OP_std,OP_stem
sn1,POPC,C1,C2,0.5080258249355784,0.1560759143417226,0.011970476190244241
sn1,POPC,C2,C3,0.38276336561323315,0.14857692933757835,0.011395330295237231
sn1,POPC,C3,C4,0.3121457931904316,0.12276686820678147,0.009415788970504074
sn2,POPC,C1,C2,0.6063007545695575,0.1312977587189402,0.010070078405155669
sn2,POPC,C2,C3,0.5071410404387091,0.12777034096873283,0.009799537813610888
sn2,POPC,C3,C4,0.30108674896148113,0.10455408545966598,0.008018932298851972
